{"initial_reset_timestamp": 1608141633.3711884, "timestamps": [1608141701.151786], "episode_lengths": [1500], "episode_rewards": [-7595.861772068369], "episode_types": ["t"]}